twbudget,"twbudget hacks for yahoo hackday tw 2012",2012-10-21T02:02:40Z,2021-12-01T08:20:45Z,2020-08-15T05:46:38Z,2823,50,50,LiveScript,30,30,14
twgeojson,"geojson data for Taiwan",2012-11-07T10:52:18Z,2022-08-16T14:19:47Z,2015-08-19T15:28:49Z,93138,170,170,LiveScript,81,81,18
twlyparser,"parse TW congress logs",2012-11-14T16:22:41Z,2019-08-13T15:11:47Z,2016-11-29T07:27:00Z,5396,24,24,LiveScript,18,18,17
lvr.land.moi,"wrapper for real-price.appspot.com",2012-11-14T16:48:56Z,2013-11-07T08:08:53Z,2012-11-15T01:05:59Z,108,2,2,,0,0,0
ly.g0v.tw,"ly.g0v.tw - Congress Matters / 國會大代誌",2012-11-18T15:48:55Z,2020-07-30T02:09:17Z,2021-01-23T07:58:51Z,11790,53,53,HTML,16,16,84
twlyreader-prototype,,2012-11-30T18:03:53Z,2019-08-13T15:12:29Z,2012-12-10T15:14:03Z,16880,5,5,JavaScript,1,1,3
govfeeds,"collection of rss links found on gov.tw pages",2012-12-01T02:08:59Z,2019-08-13T15:12:31Z,2016-05-22T20:15:52Z,25,9,9,LiveScript,3,3,0
ly-gazette,"parsed gazettes",2012-12-01T02:57:49Z,2019-04-04T10:32:24Z,2013-03-17T19:02:31Z,448283,12,12,,8,8,317
g0vre,"Generic Reader/Extractor service for *.gov.tw URLs",2012-12-01T15:52:08Z,2020-07-09T01:09:23Z,2022-06-22T16:44:32Z,185,8,8,LiveScript,2,2,2
ly-committee,"Name lists of legislative committee members.",2012-12-02T16:58:06Z,2013-11-07T08:08:37Z,2012-12-02T16:58:21Z,108,1,1,,0,0,0
dev,dev.g0v.tw,2012-12-04T07:48:55Z,2022-08-23T11:33:40Z,2020-05-04T14:27:20Z,474920,148,148,HTML,30,30,21
ly-vote,"Voting Result Visualization of Legislative Committee Members",2012-12-15T14:06:32Z,2017-03-20T23:26:11Z,2014-05-08T15:46:12Z,301,2,2,JavaScript,1,1,2
ly-glossary,立法院中英雙語詞彙對照表,2012-12-26T06:23:41Z,2013-11-07T08:06:52Z,2012-12-26T06:27:37Z,99,2,2,JavaScript,0,0,1
g0v.tw,"g0v.tw site",2013-01-19T14:48:13Z,2022-08-17T02:57:01Z,2022-03-02T09:49:26Z,37113,173,173,Pug,62,62,54
moedict-epub,萌典一書,2013-01-27T15:52:59Z,2022-05-15T06:56:37Z,2019-12-22T03:34:43Z,7520,21,21,HTML,5,5,2
moedict-process,"教育部重編國語辭典 資料處理",2013-01-28T01:06:39Z,2022-06-24T15:55:48Z,2018-01-03T05:09:05Z,35,30,30,Python,8,8,10
listening,,2013-01-28T14:52:48Z,2015-12-20T09:37:25Z,2013-02-08T13:31:48Z,3952,3,3,JavaScript,0,0,0
moedict-webkit,萌典網站,2013-01-31T18:00:44Z,2022-09-29T15:40:16Z,2022-09-27T04:40:53Z,168789,528,528,Objective-C,95,95,116
moedict.tw,"Static API serving for moedict",2013-02-06T17:00:07Z,2022-09-21T06:04:03Z,2014-12-19T08:27:11Z,62409,47,47,Perl,6,6,1
moedict-data,"教育部重編國語辭典 資料檔; 若有建議或 bug 請在 moedict-process 反應",2013-02-06T17:28:04Z,2022-06-24T15:54:37Z,2019-02-19T02:53:00Z,164674,114,114,,23,23,0
twlaw,"Organize Taiwan laws",2013-02-08T04:39:45Z,2022-05-17T03:09:22Z,2020-04-24T21:34:39Z,16972,12,12,LiveScript,6,6,3
twstat,"Taiwan National Statistics Data",2013-02-08T08:43:50Z,2021-05-06T07:46:29Z,2016-10-15T07:34:47Z,15420,7,7,Groff,12,12,2
encoding-mashup-server,"A system to help users find the correct Unicode or the CNS 11643 encoding for Han characters found as pictures (due to the limitation of Big-5) in many dictionaries published by the Ministry of Education (Taiwan)",2013-02-09T07:08:40Z,2021-12-26T18:55:40Z,2013-05-14T17:49:04Z,1676,1,1,JavaScript,0,0,5
liquid_feedback_core,"mirror of http://www.public-software-group.org/mercurial/liquid_feedback_core",2013-02-13T16:35:02Z,2018-01-04T12:16:44Z,2013-06-18T02:57:14Z,3371,2,2,C,3,3,0
liquid_feedback_frontend,"mirror of http://www.public-software-group.org/mercurial/liquid_feedback_frontend",2013-02-13T16:41:07Z,2014-01-06T22:53:05Z,2013-06-18T09:44:39Z,14834,5,5,Lua,3,3,0
codeforwelfare,codeforwelfare,2013-03-22T16:56:35Z,2013-11-07T08:02:59Z,2013-04-02T14:03:28Z,1052,1,1,JavaScript,0,0,0
22k,"揭露22K Full Site source code",2013-03-23T07:25:00Z,2013-11-07T08:03:49Z,2013-03-31T07:51:26Z,717,2,2,PHP,1,1,2
listening_api,,2013-03-23T07:41:16Z,2015-01-09T11:00:31Z,2013-08-01T17:01:14Z,376,1,1,Ruby,1,1,1
g0vkeyword,,2013-03-23T09:22:38Z,2014-06-16T17:06:23Z,2013-03-23T10:00:54Z,824,1,1,JavaScript,0,0,0
esmoe,,2013-03-25T22:58:45Z,2019-04-25T17:58:19Z,2013-04-12T08:37:13Z,136,12,12,Perl,1,1,1
laweasyread,"API for Taiwan Law",2013-03-26T13:44:59Z,2022-07-28T12:08:36Z,2013-12-09T08:08:08Z,1056,16,16,JavaScript,2,2,10
laweasyread-data,,2013-03-28T14:33:52Z,2018-04-15T06:25:24Z,2014-03-27T17:36:07Z,106502,2,2,LiveScript,2,2,4
moedict-data-twblg,"臺灣閩南語常用詞辭典 資料檔",2013-03-29T10:24:49Z,2022-09-06T12:47:13Z,2022-07-07T00:46:58Z,22065,61,61,Perl,25,25,20
esly,"Some play to index parsed ly gazette in ES",2013-03-30T14:29:22Z,2014-09-09T09:34:24Z,2013-03-30T14:29:42Z,148,1,1,Perl,0,0,0
hack.g0v.tw,"organize gdoc and hackpad for hackathons",2013-04-01T10:14:54Z,2022-08-17T02:56:59Z,2019-10-20T08:18:08Z,4091,50,50,HTML,27,27,46
listening_test,,2013-04-03T08:49:14Z,2013-11-07T08:02:32Z,2013-04-16T12:10:27Z,3388,0,0,JavaScript,1,1,0
ly-crx,"Chrome extension for ly.gov.tw site improvements from ly.g0v.tw",2013-04-09T16:12:33Z,2013-10-29T11:22:50Z,2013-08-10T06:37:30Z,160,0,0,LiveScript,0,0,3
p0st-data,"post.gov.tw data processing",2013-04-11T06:04:14Z,2019-02-28T06:42:18Z,2013-08-11T07:53:21Z,1132,4,4,Perl,0,0,1
twhgis,"historical geographic inforamtion data for Taiwan",2013-04-27T13:37:18Z,2015-04-20T13:51:21Z,2015-04-20T13:51:21Z,2055,6,6,LiveScript,1,1,5
zh-stroke-data,"常用國字標準字體筆劃 XML 資料檔",2013-04-29T10:42:41Z,2022-09-19T15:47:50Z,2017-08-01T09:08:49Z,158276,24,24,JavaScript,7,7,6
TWLegislativeYuanData,台灣立法院資料,2013-04-30T17:40:26Z,2014-01-05T13:46:31Z,2013-05-01T05:09:43Z,415,1,1,PHP,1,1,0
lfapi,"mirror of http://www.public-software-group.org/mercurial/lfapi",2013-05-15T03:16:48Z,2013-11-07T07:58:54Z,2013-05-15T03:17:21Z,296,1,1,JavaScript,1,1,0
gcaa-legislator-vs-nuke-ui-design,2013-gcaa-立委議題傾向,2013-05-19T05:20:13Z,2013-11-07T07:55:54Z,2013-06-02T17:04:09Z,6730,0,0,JavaScript,2,2,1
kuansim,"鄉民關心你 - 事件追蹤分析系統",2013-05-20T02:53:46Z,2019-09-18T11:16:06Z,2013-10-10T08:46:05Z,319,30,30,Ruby,9,9,22
moedict-app,"Stand-alone MoeDict app snapshot",2013-05-23T12:40:49Z,2020-11-05T00:14:11Z,2020-11-05T00:14:08Z,334618,28,28,Java,5,5,7
g0v-paradise,"vagrant settings for g0v box",2013-05-25T17:19:55Z,2013-11-07T07:46:23Z,2013-06-18T16:02:14Z,4472,1,1,,0,0,0
TW-ERROR-451-PAGE,"台灣HTTP 451 ERROR 抗議財智局頁面",2013-05-29T03:14:24Z,2016-09-22T09:01:16Z,2013-05-29T04:29:11Z,108,6,6,,3,3,0
stop-taiwan-sopa,,2013-06-02T17:47:24Z,2013-11-07T07:55:19Z,2013-06-03T03:47:04Z,425,5,5,Ruby,1,1,1
kitchen,"chef kitchen",2013-06-06T12:20:28Z,2013-11-07T07:35:23Z,2013-08-19T17:10:30Z,62,0,0,Ruby,0,0,0
roadpin,"g0v 路見不平專案",2013-06-08T03:33:15Z,2018-12-25T11:14:22Z,2014-06-21T08:17:00Z,31516,10,10,Python,5,5,12
ww-simulation,"The simulation of g0v graph server",2013-06-08T05:11:14Z,2013-09-30T01:46:41Z,2013-06-08T08:49:19Z,152,5,5,JavaScript,0,0,1
moedict-data-hakka,"臺灣客家語常用詞辭典 資料檔",2013-06-08T05:37:07Z,2022-09-16T01:52:51Z,2019-09-09T03:19:21Z,11895,22,22,LiveScript,6,6,6
news-diff,"A news crawler, parser and diff engine",2013-06-08T05:48:43Z,2022-09-29T04:36:51Z,2016-03-10T01:56:51Z,135,23,23,Python,7,7,3
worldwonder,"World wonder !",2013-06-08T13:27:59Z,2013-11-07T07:54:29Z,2013-06-08T15:36:15Z,104,0,0,,0,0,0
addressbook.parser,"Taiwan government addressbook parser",2013-06-13T17:53:18Z,2019-03-06T01:42:04Z,2014-03-24T17:41:19Z,2174,16,16,Python,3,3,0
kuansim-mockdata,mockdata_generator,2013-06-20T17:30:44Z,2019-03-14T20:05:12Z,2013-10-20T09:28:36Z,8244,3,3,Haskell,0,0,0
Logbot,"Simple IRC logger with realtime web-based viewer",2013-06-24T01:36:36Z,2021-10-15T06:48:58Z,2019-05-18T07:40:23Z,799,61,61,JavaScript,22,22,11
lfrest,"Reimplementation of lfapi with pgrest",2013-06-24T10:11:28Z,2019-12-01T19:40:31Z,2013-08-18T14:52:24Z,144,2,2,LiveScript,0,0,1
pirate_feedback_ui_redesign,,2013-06-26T14:03:58Z,2013-11-07T07:46:33Z,2013-06-30T11:24:02Z,416,1,1,Ruby,0,0,1
issue-aspect,為以後政府特定議題可以提出正、反討論的觀點,2013-06-27T02:42:26Z,2013-11-07T07:47:19Z,2013-06-28T08:29:16Z,3471,1,1,JavaScript,0,0,1
realprice,"House and land price visualization",2013-07-03T18:22:58Z,2013-10-26T07:42:43Z,2013-07-04T16:17:44Z,1003,2,2,Ruby,0,0,1
tisa-map,"trade in service agreement map.",2013-07-11T13:54:48Z,2020-06-02T16:08:51Z,2020-06-02T16:08:48Z,9818,11,11,JavaScript,10,10,33
callnow,"callnow webpage original files and folders.",2013-07-12T02:27:58Z,2013-11-07T07:45:26Z,2013-07-15T08:45:47Z,188,0,0,JavaScript,0,0,0
twangry,"政誌 - Angry event made in Taiwan.",2013-07-13T16:47:04Z,2020-11-17T04:28:22Z,2022-04-29T15:21:26Z,5732,52,52,JavaScript,24,24,28
kuansim_chrome,"google chrome extension for kuansim",2013-07-18T12:38:49Z,2020-06-02T16:08:59Z,2020-06-02T16:08:56Z,8,2,2,JavaScript,2,2,0
style-guide,"G0V style guilde",2013-07-20T15:54:07Z,2020-04-28T17:23:57Z,2018-07-08T17:34:08Z,4753,14,14,HTML,6,6,5
kuansim-backend,"kuansim - backend",2013-07-22T15:31:52Z,2014-08-28T17:50:35Z,2014-01-21T15:29:39Z,459,5,5,LiveScript,5,5,0
TW-history,"Taiwan 的重要事件做記錄",2013-07-23T03:18:30Z,2013-11-07T07:44:24Z,2013-07-27T09:28:18Z,116,1,1,,0,0,1
kuansim-frontend,鄉民關心你,2013-07-30T09:11:53Z,2018-04-02T05:57:58Z,2015-01-31T15:27:26Z,3502,6,6,CSS,3,3,0
api.ly,"api.ly.g0v.tw - ly api endpoint",2013-07-30T18:11:52Z,2017-11-28T05:48:02Z,2017-11-25T02:19:10Z,1447,14,14,LiveScript,8,8,35
kakunoko,格納庫，用來放些拆房子的利器,2013-08-05T13:12:33Z,2014-05-06T08:43:56Z,2013-08-12T06:04:10Z,356,1,1,Java,0,0,8
g0village,新手村計畫,2013-08-06T14:17:24Z,2017-03-20T23:26:23Z,2013-08-09T04:13:51Z,1288,4,4,JavaScript,1,1,2
don-republic,動民主,2013-08-08T09:56:50Z,2014-07-02T18:54:42Z,2014-07-13T16:04:04Z,7031,6,6,CSS,3,3,5
readme,"Quick markdown wrapper for project needs convert md to html.",2013-08-08T17:23:22Z,2013-11-07T07:36:45Z,2013-08-12T07:15:22Z,58,0,0,,0,0,0
g0village-8bit,"g0v 新手村計劃 8bit",2013-08-09T04:03:34Z,2022-04-10T09:24:03Z,2019-10-05T08:30:34Z,23648,40,40,JavaScript,29,29,10
laweasyread-front,"an extension for browsers to view Taiwan's law articles/websites easier",2013-08-09T12:27:44Z,2022-07-28T12:11:56Z,2022-09-27T04:36:47Z,8420,16,16,JavaScript,5,5,13
kuansim-devops,"鄉民關心你的行政事務, 論壇維護及新手文件整理",2013-08-10T04:12:51Z,2013-11-07T07:32:28Z,2013-08-23T09:09:58Z,136,1,1,Python,0,0,0
TWControlYuanData,砍台灣監察院資料,2013-08-10T06:16:05Z,2021-02-01T06:07:18Z,2013-08-19T06:00:05Z,1341,7,7,Python,3,3,0
newshelper-extension,協助您判別含有誤導資訊的新聞,2013-08-10T07:34:27Z,2022-02-12T18:30:04Z,2019-02-16T06:50:19Z,312,105,105,JavaScript,34,34,25
hanconvert,"han convert proxy",2013-08-10T07:38:31Z,2014-09-09T13:17:40Z,2015-07-19T13:15:41Z,120,1,1,Perl,1,1,0
aec-process,"The data-process programs for aec data.",2013-08-10T20:33:22Z,2014-09-09T13:17:46Z,2013-08-11T08:40:23Z,128,0,0,Perl,0,0,0
i64885,"A request tracking and notification system for legal aid.  Helping political victims in emergency situation.  ",2013-08-11T12:32:55Z,2015-11-21T04:31:45Z,2013-10-20T02:35:57Z,3722,3,3,,3,3,3
magic-mirror,"定時 mirror *.gov.tw 上有時效性的資料到 git repository.",2013-08-11T18:13:26Z,2021-08-03T22:18:09Z,2021-08-03T22:18:05Z,114,10,10,Perl,4,4,2
ircstat,"irc activity collection and visualization",2013-08-12T13:40:35Z,2013-12-22T05:59:02Z,2013-12-22T05:59:01Z,2576,1,1,JavaScript,0,0,4
newshelper-backend,"新聞小幫手網站及 API server",2013-08-13T00:43:49Z,2019-10-01T19:53:05Z,2017-12-24T06:42:44Z,2890,26,26,HTML,15,15,12
petneed.me,"Animal Adoption Platform by Django",2013-08-14T05:19:14Z,2020-06-02T16:09:16Z,2020-06-02T16:09:11Z,29868,2,2,CSS,2,2,0
typo-resolver,"a Google Chrome extension",2013-08-20T01:02:32Z,2017-11-25T06:54:57Z,2015-06-28T09:21:38Z,433,4,4,JavaScript,7,7,8
abroadplay,公務員出國考察追蹤網,2013-08-21T03:35:44Z,2018-08-20T01:44:53Z,2016-10-15T07:55:38Z,65154,11,11,PHP,7,7,0
urlshot,"URL Rasterization as a service",2013-08-28T20:22:20Z,2013-11-03T16:00:21Z,2013-11-03T16:00:15Z,112,1,1,Perl,0,0,1
president-process,"The data-process programs for 總統府相關資料",2013-08-30T03:24:38Z,2014-01-03T17:04:31Z,2013-09-04T09:15:26Z,128,0,0,Python,1,1,1
newsplanet,,2013-08-30T16:07:09Z,2013-11-07T07:28:20Z,2013-08-31T16:45:58Z,113,0,0,,1,1,0
twly-voter-guide,立委投票指南,2013-09-05T15:08:42Z,2021-11-24T03:02:32Z,2018-08-21T15:39:01Z,426319,65,65,HTML,27,27,14
pdf-text-cutter,"從 pdf 中切字出來的工具",2013-09-12T06:59:39Z,2019-09-25T09:53:06Z,2016-01-10T17:02:10Z,50,11,11,Perl,1,1,1
listening-data,爬出各縣市政府的福利資料,2013-09-16T13:32:54Z,2018-04-02T06:39:41Z,2014-09-16T02:40:41Z,148,2,2,Ruby,2,2,23
moedict-dodo,萌典啄木鳥,2013-09-28T13:22:01Z,2017-09-03T23:10:57Z,2014-06-25T17:51:13Z,2792,5,5,Perl,3,3,0
Airesis,"The most advanced and innovative edemocracy web application",2013-10-03T12:47:49Z,2019-09-18T17:19:11Z,2013-11-18T02:26:59Z,13894,1,1,JavaScript,0,0,1
grabejs,"customize phantomjs for take snapshot / html shot of website.",2013-10-11T14:26:30Z,2014-10-10T17:30:26Z,2015-07-28T18:35:36Z,172,0,0,JavaScript,1,1,0
moc,"g0v Ministry of Culture",2013-10-13T13:28:37Z,2013-11-26T18:57:52Z,2013-10-13T13:31:51Z,112,0,0,,0,0,0
moedict-data-csld,中華大辭典,2013-10-16T10:07:37Z,2022-09-18T17:04:00Z,2018-01-16T16:11:42Z,220111,91,91,Perl,22,22,2
moc-license-center,,2013-10-16T19:16:36Z,2020-05-04T14:25:55Z,2020-05-04T14:25:49Z,137807,1,1,JavaScript,4,4,1
kuansim-rails,"Rails backend for the kuansim project",2013-10-20T01:04:36Z,2014-11-02T05:22:29Z,2013-12-10T14:36:22Z,3204,1,1,CSS,0,0,1
e04,"g0v 人力資源部",2013-10-20T05:08:41Z,2015-01-31T18:19:25Z,2013-10-20T05:29:16Z,108,2,2,,0,0,0
openingparliament,,2013-10-24T16:28:28Z,2013-11-20T15:42:07Z,2013-11-20T15:42:04Z,2199,0,0,CSS,0,0,0
semantic-ui-experiment,,2013-10-26T12:52:02Z,2014-01-28T20:34:19Z,2014-01-28T20:34:18Z,1560,0,0,CSS,0,0,0
ivod.ly.g0v.tw,,2013-11-02T03:20:05Z,2016-06-12T06:19:25Z,2016-06-12T06:19:24Z,4279,8,8,CSS,4,4,3
3du.tw,"3du.tw Landing Page",2013-11-16T18:32:18Z,2014-01-08T02:39:14Z,2013-11-16T18:36:13Z,104,1,1,,0,0,0
twly_crawler,"Crawl Taiwan Congress Data by Scrapy",2013-11-19T07:30:05Z,2021-01-08T16:11:09Z,2020-05-04T14:30:22Z,270572,23,23,Python,15,15,5
mapView,"using map to render data and make social activities",2013-11-22T00:48:02Z,2016-02-22T17:06:23Z,2014-01-14T09:28:58Z,1166,1,1,JavaScript,1,1,0
moer.g0v.tw,"Visualizations for opendata.epa.gov.tw data",2013-12-02T17:50:53Z,2014-11-27T05:32:26Z,2013-12-12T10:55:05Z,376,3,3,CSS,0,0,1
ly-tel,立委聯絡資訊,2013-12-05T00:13:21Z,2020-02-29T16:29:59Z,2020-02-29T16:29:57Z,3493,8,8,JavaScript,20,20,2
bill-nicknames,"Table of popular nicknames and keywords for bills",2013-12-05T08:44:50Z,2014-01-13T06:35:31Z,2013-12-05T10:40:00Z,120,1,1,,0,0,0
twbot-data,"BOT/BTO/RO/OT/BOO/Other cases data retrieved from http://http://ppp.pcc.gov.tw/",2013-12-09T03:00:24Z,2014-01-21T09:15:56Z,2014-01-21T09:15:56Z,760,0,0,JavaScript,1,1,2
nsc-projects,"national science council projecti budget for every single institute since 1989",2013-12-13T05:16:16Z,2013-12-17T16:29:14Z,2013-12-17T16:29:14Z,13424,1,1,Shell,1,1,0
BadDriver.tw,"baddriver.tw front-end layout",2013-12-18T16:01:01Z,2014-02-18T15:03:49Z,2014-02-18T15:03:49Z,8660,0,0,JavaScript,0,0,12
epa-data,,2013-12-19T09:16:08Z,2013-12-29T15:07:20Z,2013-12-29T15:07:19Z,36528,0,0,LiveScript,0,0,3
BadDriverAPI,"BadDriver.tw Backend API server",2013-12-20T10:57:36Z,2014-01-01T15:16:03Z,2014-01-01T15:16:03Z,2056,0,0,JavaScript,0,0,2
g0vis,"Visualization of g0v ",2013-12-22T05:50:23Z,2017-08-23T13:03:11Z,2022-09-27T07:21:54Z,1977,4,4,JavaScript,2,2,0
posland,台灣地址、地號經緯度查詢,2013-12-22T20:41:20Z,2022-04-16T04:44:22Z,2016-05-06T14:03:44Z,353,26,26,LiveScript,6,6,4
url-normalizer.js,"Normalize URL",2013-12-25T03:17:21Z,2017-09-22T14:42:51Z,2017-11-21T17:34:04Z,24,2,2,JavaScript,2,2,1
tibet,圖博資訊站,2013-12-25T09:38:10Z,2014-05-09T07:59:55Z,2014-03-04T09:54:04Z,2917,1,1,JavaScript,3,3,9
meta.g0v.tw,"g0v相關專案的meta data匯集",2013-12-30T12:53:05Z,2013-12-30T21:51:46Z,2013-12-30T16:23:45Z,476,1,1,Ruby,0,0,0
g0v.asia,"g0v.asia landing page",2014-01-10T16:41:06Z,2021-02-26T18:18:31Z,2021-01-18T10:20:32Z,70223,7,7,HTML,11,11,2
congress-vote-analytics-beta,"rebuilt by codeigniter",2014-01-16T04:10:57Z,2014-01-16T04:43:58Z,2014-01-16T04:43:56Z,2392,0,0,PHP,0,0,0
farmers,"a mobile app for all kind farmers",2014-01-18T13:38:21Z,2020-06-23T11:24:46Z,2014-01-18T17:50:33Z,1408,2,2,JavaScript,5,5,0
ipad-air-case-selector,"how to choose an appropriate case for your ipad air?",2014-01-19T05:58:21Z,2014-01-19T05:58:22Z,2014-01-19T05:58:22Z,0,0,0,,0,0,0
CommuniqueAPI,"g0v Communique API",2014-01-20T16:39:42Z,2014-12-25T16:13:39Z,2014-12-25T16:13:38Z,522,1,1,JavaScript,1,1,10
thedaywefightback,thedaywefightback.g0v.tw,2014-01-28T13:14:51Z,2014-01-28T18:02:48Z,2014-01-28T18:02:48Z,66472,0,0,CSS,0,0,0
angular-laweasyread,"angular directive of laweasyread",2014-02-07T02:07:47Z,2014-02-25T13:16:33Z,2014-02-25T13:16:32Z,644,0,0,JavaScript,0,0,0
env.g0v.tw,"Taiwan Environment Dashboard",2014-02-07T09:24:05Z,2020-05-21T06:10:13Z,2022-02-13T10:45:54Z,919,14,14,LiveScript,15,15,26
g0v-tour-guide,"a guide to g0v",2014-02-10T07:16:36Z,2021-07-21T10:40:23Z,2014-10-10T05:14:01Z,43979,1,1,JavaScript,1,1,0
aqx-graphite,"A processor that sends AQX measures to graphite",2014-02-10T11:53:41Z,2016-09-18T07:22:24Z,2016-09-18T07:22:23Z,1283,0,0,Perl,1,1,0
generator-g0v-webapp,"Yeoman Generator for generating g0v common webapp",2014-02-12T14:42:35Z,2014-02-13T07:54:53Z,2014-02-12T14:43:34Z,108,1,1,JavaScript,0,0,0
don-press,"動民主 app 之全民記者會",2014-02-12T17:00:10Z,2014-03-06T07:31:45Z,2014-03-06T07:31:44Z,2923,1,1,JavaScript,0,0,4
g0vTxT,"Visualize g0v hackpad's information.",2014-02-20T12:19:19Z,2015-12-05T05:43:41Z,2014-11-23T17:06:47Z,1760,6,6,JavaScript,2,2,4
nuclear-data,核電翻譯機,2014-02-22T04:06:06Z,2016-11-02T02:12:09Z,2014-02-26T14:50:01Z,438,2,2,LiveScript,1,1,1
askkk,"wethepeople.tw codebase",2014-02-22T05:21:16Z,2016-10-25T12:04:40Z,2016-10-21T02:21:22Z,6056,13,13,JavaScript,4,4,8
0media,"news media with core idea ""visualization"", ""civilization"", ""democracy"" and ""open license""",2014-02-22T06:34:34Z,2014-06-25T01:54:09Z,2014-07-07T14:18:34Z,154676,0,0,JavaScript,0,0,0
api.addressbook,"Taiwan government open contact server backend",2014-03-04T02:13:53Z,2014-06-24T18:36:10Z,2014-04-29T08:22:00Z,3168,1,1,Ruby,0,0,2
archive-summit.g0v.tw,"g0v summit 2016 website archive",2014-03-04T05:38:04Z,2020-10-17T05:45:36Z,2020-10-16T18:48:14Z,56656,16,16,JavaScript,22,22,6
CMDXMoldTesting,電腦試模小程式_windows,2014-03-05T10:05:19Z,2017-12-27T07:10:16Z,2014-03-05T08:57:52Z,541,0,0,C++,0,0,0
addressbook-data-converter,"addressbook data converter - convert Taiwan government open contact data in popolized format",2014-03-07T03:06:41Z,2015-05-25T15:40:12Z,2015-05-25T17:17:07Z,20991,2,2,PLSQL,3,3,17
b0t-hubot,"g0v irc robot by hubot (http://hubot.github.com/)",2014-03-07T17:24:11Z,2014-04-18T17:24:05Z,2014-04-18T17:24:04Z,371,3,3,Shell,4,4,4
tainan-map,"OpenStreetMap with Tainan old maps.",2014-03-09T17:00:11Z,2014-03-09T17:03:17Z,2014-03-09T12:53:32Z,76,0,0,JavaScript,0,0,2
g0villa,"tabzilla for g0v sites",2014-03-12T20:05:13Z,2014-03-31T05:37:44Z,2014-03-31T05:37:47Z,208,0,0,JavaScript,0,0,0
g0v.today,,2014-03-13T08:59:09Z,2014-04-02T12:31:00Z,2014-03-15T23:35:40Z,1588,2,2,JavaScript,1,1,1
ivod-download-client,"ivod download client",2014-03-18T00:32:07Z,2014-10-15T11:32:35Z,2016-09-04T02:38:21Z,178,1,1,PHP,1,1,0
conference-map-main,"零時廣場 - 動態地圖、議程",2014-03-22T03:54:24Z,2020-11-02T16:56:56Z,2020-11-02T16:57:09Z,1749,0,0,CSS,1,1,4
conference-map-message-server,"socket.io server for conference-map (我的活動地圖)",2014-03-22T03:54:49Z,2014-03-22T03:54:49Z,2014-03-21T10:02:09Z,70,0,0,LiveScript,0,0,0
padnews,,2014-03-22T07:36:39Z,2018-03-03T05:16:11Z,2018-03-03T05:00:02Z,22,1,1,LiveScript,1,1,0
padnews-cli,"cli client for padnews",2014-03-22T07:41:11Z,2014-03-29T04:10:57Z,2014-03-29T04:10:57Z,148,0,0,LiveScript,0,0,0
padnews-web,"A web client for padnews.",2014-03-23T04:31:35Z,2018-03-03T05:14:06Z,2018-03-03T05:12:19Z,46,2,2,CSS,3,3,0
tv4mobile,,2014-03-23T08:25:31Z,2014-03-23T22:28:31Z,2014-03-23T22:28:31Z,8908,0,0,JavaScript,0,0,0
tweet-html-diff,"Generic website updates notifier",2014-03-24T22:33:43Z,2020-07-09T01:08:52Z,2020-05-15T07:45:59Z,49,3,3,Perl,1,1,0
we-are-g0v,"facebook cover generator",2014-03-25T07:58:12Z,2021-07-30T19:47:38Z,2014-03-26T06:13:18Z,2070,3,3,JavaScript,2,2,5
restore,"auto backup tool",2014-03-26T08:40:40Z,2014-03-26T11:28:13Z,2014-03-26T11:28:13Z,160,0,0,Python,0,0,0
reporter,公民記者證列印,2014-03-26T21:34:54Z,2021-01-18T07:17:22Z,2021-01-18T07:17:25Z,965,3,3,HTML,5,5,0
LetsFuMouAPI,"The FuMou Public Hearing's Data API",2014-03-28T03:32:55Z,2014-04-06T17:51:08Z,2014-04-06T17:51:08Z,1288,1,1,JavaScript,0,0,0
agriculture,"農域入口網站 Prototype",2014-03-29T07:40:52Z,2020-10-19T04:36:30Z,2016-12-17T02:28:33Z,10386,4,4,JavaScript,12,12,14
g0v.io,"Captive Portal for people inside and around the occupied area in Taiwan",2014-04-02T12:47:13Z,2015-08-01T16:36:33Z,2014-04-08T19:22:39Z,276,4,4,CSS,2,2,0
councilor-voter-guide,"縣市長 / 議員 投票指南",2014-04-03T14:19:10Z,2022-03-14T12:13:32Z,2018-11-28T14:51:15Z,1843972,102,102,HTML,49,49,39
addressbook-frontend,"Taiwan government open contact server frontend",2014-04-04T05:35:57Z,2017-07-11T03:02:50Z,2015-01-24T09:19:57Z,392,2,2,JavaScript,2,2,1
sunflower,"島嶼天光學潮實紀錄 Source Code.",2014-04-04T19:32:13Z,2016-10-15T15:15:58Z,2016-10-15T15:15:57Z,198,0,0,HTML,5,5,2
farmer,農業相關資訊工具,2014-04-09T01:51:40Z,2014-10-30T22:01:42Z,2014-10-30T22:01:42Z,14440,1,1,JavaScript,0,0,0
sticker-story,"To record the stories of sticks on the back of a laptop.",2014-04-11T06:29:58Z,2014-04-13T14:44:23Z,2014-04-13T14:44:23Z,4917,1,1,,1,1,0
SunflowerDocumentaryAPI,"The Sunflower Documentary Data API",2014-04-15T15:08:28Z,2014-08-02T08:22:31Z,2014-08-02T08:46:54Z,332,0,0,JavaScript,0,0,5
addressbook-iOS,"政府公開通訊錄 iOS 版",2014-04-16T15:29:16Z,2019-11-27T10:43:21Z,2014-11-07T18:22:52Z,773,8,8,Objective-C,5,5,2
LittleBeeGeo,"A tool to help the little bees team to report the addresses and places that they have visited and sent agendas",2014-04-19T03:36:23Z,2017-08-01T07:39:40Z,2014-06-18T19:19:23Z,2414,3,3,LiveScript,6,6,2
congress-vote-analytics,選票成份分析網站,2014-04-19T05:18:22Z,2021-04-16T04:01:43Z,2014-09-02T14:11:45Z,2668,3,3,PHP,0,0,1
live,"Live broadcasting aggregator via hackfoldr",2014-04-19T05:49:59Z,2014-06-20T03:01:52Z,2014-05-06T17:41:28Z,1254,4,4,JavaScript,0,0,3
TWRadiationApp,"台灣輻射地圖APP for iOS",2014-04-19T06:14:09Z,2017-03-20T09:15:30Z,2015-06-03T11:41:40Z,30432,4,4,Objective-C,1,1,0
liveext,"live channel for chrome extension",2014-04-22T02:41:57Z,2015-04-20T17:19:09Z,2014-05-27T14:01:54Z,1464,1,1,JavaScript,0,0,0
ckan,"CKAN is an open-source DMS (data management system) for powering data hubs and data portals. CKAN makes it easy to publish, share and use data. It powers datahub.io, catalog.data.gov and data.gov.uk among many other sites.",2014-04-22T07:44:48Z,2014-04-22T07:45:06Z,2014-04-22T05:49:37Z,73495,0,0,Python,0,0,0
cancer,"Statistics in town level of patients with cancer, from 2004 to 2012.",2014-04-22T10:15:27Z,2014-05-14T03:32:23Z,2014-11-25T06:23:42Z,152632,3,3,LiveScript,2,2,1
live_teach,,2014-04-24T08:44:28Z,2014-04-25T07:04:23Z,2014-04-25T07:04:22Z,118,0,0,,1,1,0
discourse,"A platform for community discussion. Free, open, simple.",2014-04-29T01:42:18Z,2014-04-29T06:01:04Z,2014-04-29T01:35:39Z,34442,1,1,Ruby,0,0,0
TWRadiationMapRestApi,,2014-05-11T13:10:20Z,2014-06-21T13:12:43Z,2014-09-10T18:21:22Z,168,1,1,,0,0,0
addressbook-grano,,2014-05-11T18:06:45Z,2014-06-18T16:31:55Z,2014-06-18T16:31:55Z,228,0,0,Ruby,0,0,0
eia_crawler,"Crawl the EIA reports via Scrapy.",2014-05-13T15:41:10Z,2014-06-18T10:22:05Z,2014-06-18T10:22:05Z,797,0,0,Python,0,0,0
dkan-core,"data.g0v.tw use DKAN. dkan-core doesn't include any 3-party module and drupal in code.",2014-05-15T17:23:57Z,2017-04-04T03:46:42Z,2014-05-10T14:47:36Z,20491,2,2,CSS,0,0,4
dkan-theme,"Clone of dkan theme for data.g0v.tw usage",2014-05-18T13:32:29Z,2014-06-25T08:05:18Z,2014-06-25T08:05:18Z,1408,0,0,CSS,0,0,0
g0vcaptcha,,2014-05-20T06:13:10Z,2016-09-18T07:51:59Z,2016-09-18T07:51:58Z,43,0,0,Perl,1,1,0
timemapper,"Create and share elegant timelines and timemaps fast",2014-05-28T17:32:36Z,2014-10-28T14:36:30Z,2014-06-22T05:18:44Z,1789,1,1,JavaScript,0,0,0
TWDoorplates,台灣內政部戶政司地址查詢器,2014-06-09T17:21:10Z,2018-05-21T00:56:46Z,2016-04-01T07:07:10Z,1617,5,5,Ruby,3,3,0
projectPool,"The g0v project pool.",2014-06-18T15:54:44Z,2015-10-28T20:44:54Z,2015-10-28T20:42:23Z,312,0,0,HTML,1,1,0
donvote,"動民主 0.5 - 動投票 - 獨立 repo",2014-06-20T19:15:16Z,2014-06-21T09:46:58Z,2014-09-10T04:58:21Z,2720,0,0,JavaScript,0,0,0
don-republic-mockup,,2014-06-21T06:26:08Z,2014-07-02T17:33:13Z,2014-07-04T16:00:23Z,4464,0,0,CSS,0,0,0
local.data,"Open Data Census website and dashboard",2014-06-27T07:10:44Z,2014-06-27T07:57:44Z,2015-01-15T12:36:28Z,2532,0,0,JavaScript,0,0,6
timemap,"the source of timemap.kuansim.com",2014-06-27T16:38:45Z,2019-10-03T05:40:16Z,2015-04-12T07:45:58Z,1580,13,13,JavaScript,7,7,8
POPonFire,公有地大行動,2014-07-01T15:28:20Z,2022-05-18T02:33:23Z,2014-09-25T15:05:42Z,2452,6,6,CSS,2,2,1
sunshine.cy,"金錢報 - 公職人員財產申報",2014-07-18T09:57:53Z,2021-08-30T09:13:22Z,2018-09-19T05:39:05Z,587935,6,6,HTML,2,2,7
i69,,2014-07-19T13:12:59Z,2014-07-19T14:52:23Z,2014-07-19T13:26:03Z,572,1,1,,1,1,1
hacktabl,"Comparison table generator, using Ethercalc and Google Doc as the content backend.",2014-07-20T03:54:34Z,2018-11-12T08:09:33Z,2016-04-16T11:49:43Z,2029,17,17,HTML,4,4,0
inLiveTwTextChrome,"InLiveTw for ChromeCast through Google Cast extension",2014-07-25T04:57:12Z,2014-06-21T06:49:29Z,2014-07-25T04:56:28Z,1101,0,0,,0,0,0
front-end-demo,"simple html demo",2014-07-26T13:19:42Z,2014-07-28T04:08:57Z,2014-07-28T04:06:45Z,1876,0,0,CSS,0,0,0
twpolitwoops-collector,"Python workers that collect tweets/feeds from the twitter/facebook streaming api and track deletions",2014-07-30T07:58:01Z,2018-04-02T06:39:54Z,2015-02-26T13:50:52Z,600,2,2,Python,1,1,13
election-village,"crawler for 2010 borough chief election candidate list and result",2014-08-03T08:35:07Z,2020-05-01T09:31:44Z,2014-10-05T05:21:29Z,7340,6,6,JavaScript,2,2,0
er.mohw,"ER information",2014-08-08T14:24:56Z,2020-07-10T01:48:56Z,2019-01-28T06:56:52Z,20287,30,30,Python,13,13,4
er-map,,2014-08-10T19:19:39Z,2015-02-20T05:22:58Z,2014-08-10T19:26:02Z,224,2,2,JavaScript,0,0,0
NoUseBuildingTool,"some tool to parse original data",2014-08-12T17:12:21Z,2014-08-12T17:14:37Z,2014-08-12T17:14:36Z,228,0,0,Python,0,0,0
5stardata.info,"Information around TimBL's 5 star Open Data plan",2014-08-14T10:07:10Z,2022-01-04T08:22:45Z,2014-08-14T10:57:51Z,578,1,1,JavaScript,0,0,0
VoteforClimate,"氣候選戰 Vote for Climate",2014-08-30T09:32:17Z,2014-09-27T14:52:49Z,2014-09-02T11:58:09Z,121,2,2,,1,1,0
projectV,"Victory is my middle name",2014-08-31T03:44:37Z,2019-08-13T15:49:42Z,2017-03-16T07:01:15Z,57194,17,17,HTML,9,9,15
cec,"Central Election Commission",2014-09-06T18:24:21Z,2014-10-05T05:21:39Z,2014-11-01T17:44:54Z,1340,5,5,LiveScript,0,0,0
moedict-data-terms,開放語料庫專案,2014-09-16T08:54:36Z,2022-03-17T21:22:33Z,2020-11-01T20:42:50Z,77,7,7,Python,2,2,0
poll,2014全臺投開票所,2014-09-20T07:52:29Z,2014-09-22T02:53:42Z,2014-10-05T05:45:00Z,977,4,4,JavaScript,1,1,1
facebook2parse,,2014-10-04T03:43:48Z,2014-10-04T06:09:58Z,2014-10-04T06:09:57Z,2072,0,0,CSS,0,0,0
TWRadiationAndroid,,2014-10-04T09:08:33Z,2014-12-17T08:02:42Z,2014-12-13T15:51:28Z,940,2,2,Java,0,0,0
d3visualization,"An alternative gallery for d3.js",2014-10-07T16:18:28Z,2014-10-10T01:10:36Z,2014-10-07T16:56:57Z,244,3,3,CSS,1,1,0
tmsearch,"trademark search from tipo.gov.tw",2014-10-09T14:52:00Z,2014-10-11T02:35:17Z,2014-10-11T02:35:17Z,120,0,0,LiveScript,0,0,0
project-hub-mockup,"mockups for the new g0v project hub",2014-10-10T05:11:48Z,2019-09-24T09:54:45Z,2014-10-27T22:48:53Z,1964,2,2,JavaScript,5,5,13
5050,,2014-10-12T14:13:52Z,2014-10-12T15:23:12Z,2014-10-14T12:07:22Z,1080,0,0,CSS,0,0,0
decent.tw,"Explore de¢ent brands / 台灣的老闆都很 Decent 的，這一定有什麼誤會",2014-10-13T19:52:14Z,2014-10-13T20:07:34Z,2014-10-13T20:29:25Z,272,0,0,LiveScript,0,0,6
foundationtw,,2014-10-15T17:19:42Z,2021-08-30T08:58:14Z,2019-10-30T03:21:14Z,584057,9,9,,14,14,5
research_time,碩博研究/畢業時間統計,2014-10-19T12:41:36Z,2014-10-19T12:41:36Z,2014-10-19T13:05:45Z,112,0,0,,0,0,0
oh-my-hub,"this is in very early stage now. don't use it",2014-10-31T15:54:37Z,2014-12-19T05:30:15Z,2014-12-19T05:30:15Z,1254,3,3,LiveScript,5,5,0
moedict-design,"Design assets and style guide for moedict projects",2014-11-02T09:22:03Z,2014-11-02T09:24:17Z,2014-11-02T09:29:43Z,8121,0,0,,0,0,0
TWRadiationApp-backend,,2014-11-03T13:25:48Z,2014-11-03T13:47:06Z,2014-11-03T13:47:03Z,18208,0,0,PHP,0,0,0
react-zh-stroker,"A stroke drawing React component for zh-stroke-data.",2014-11-22T10:13:06Z,2022-02-26T22:34:22Z,2022-07-20T07:03:24Z,2713,6,6,JavaScript,2,2,10
slap,,2014-11-22T21:28:09Z,2014-11-22T21:28:09Z,2014-11-22T21:28:09Z,0,0,0,,0,0,0
process-bulletin-cec-pdf,,2014-11-22T21:58:06Z,2016-02-06T21:52:27Z,2016-02-06T21:52:20Z,83525,1,1,Perl,1,1,0
ppt,"政治承諾追蹤網 Political Promise Tracker",2014-11-30T14:03:18Z,2019-08-13T15:56:41Z,2015-09-13T11:00:06Z,3536,11,11,JavaScript,2,2,4
goban,hackfoldr改良版-有脈絡的大量網址分享器,2014-12-08T07:02:13Z,2021-03-05T13:00:14Z,2022-01-15T06:07:45Z,22907,7,7,JavaScript,1,1,4
project-hub,"project hub (read only version)",2014-12-10T11:04:41Z,2014-12-11T03:00:38Z,2014-12-11T05:04:48Z,836,0,0,,0,0,0
vtaiwan.tw,"[舊版] 行政院法規線上諮詢系統",2014-12-20T07:22:12Z,2022-03-13T18:29:38Z,2018-02-23T08:57:04Z,12600,9,9,HTML,4,4,10
vtw.link,行政院法規形成文件彙整發佈區,2014-12-20T07:26:52Z,2015-01-05T05:46:23Z,2015-01-05T05:46:22Z,1624,0,0,JavaScript,0,0,0
react-ask-app,"isomorhpic app for asking candidates with policies",2014-12-20T07:47:49Z,2014-12-23T12:53:04Z,2014-12-29T09:59:08Z,6875,2,2,CSS,0,0,0
tcbus,"臺中市公車地圖 (採用 leaflet 連 OSM 底圖)",2014-12-20T13:40:54Z,2017-04-03T08:24:40Z,2017-01-18T12:53:51Z,6023,6,6,CSS,2,2,0
inviteyoself,"Allow people to invite themselves to your slack team.",2014-12-23T06:26:53Z,2015-05-03T15:31:04Z,2015-06-25T04:39:31Z,782,2,2,Clojure,2,2,2
slack-irc-plugin,"Slack plugin to sync IRC with your slack.com account",2014-12-23T06:34:08Z,2021-04-17T14:04:51Z,2021-05-22T21:07:01Z,105,12,12,JavaScript,4,4,9
don-constitute,"動民主 x 公民憲政會議草根論壇 = 動憲法",2014-12-23T07:59:43Z,2020-05-27T22:28:53Z,2015-05-04T18:13:19Z,2608,1,1,JavaScript,0,0,0
urbancodeg0vtw,開放都市計畫,2014-12-29T04:02:23Z,2015-06-12T19:14:50Z,2015-06-26T17:19:34Z,789960,2,2,HTML,1,1,0
gitbook-plugin-discourse,,2014-12-30T08:59:04Z,2018-04-02T06:39:52Z,2015-02-18T16:48:54Z,200,6,6,JavaScript,1,1,0
crowdfunding-gitbook,"vTaiwan 數位商務模式：群眾募資",2014-12-30T15:37:29Z,2018-01-14T01:49:41Z,2018-01-14T01:53:20Z,1464,4,4,Shell,1,1,0
closelyheld-gitbook,"vTaiwan 數位商務模式：閉鎖型公司",2015-01-05T07:53:24Z,2018-01-14T01:49:19Z,2018-01-14T01:53:33Z,1835,0,0,Shell,3,3,0
CWN-editr,"an editor for Chinese Wordnet",2015-01-18T05:26:55Z,2017-04-14T13:34:48Z,2014-12-02T19:52:28Z,23956,0,0,JavaScript,0,0,0
itaigi,新台語·運動,2015-01-18T07:15:46Z,2022-08-10T06:36:35Z,2022-04-14T00:56:46Z,39370,158,158,JavaScript,38,38,71
etax-gitbook,"vTaiwan 數位商務模式：網路交易課稅 ",2015-01-29T07:53:13Z,2015-02-11T08:41:26Z,2018-01-14T01:52:42Z,1797,0,0,Shell,1,1,0
telework-gitbook,"vTaiwan 數位生活：電傳勞動",2015-02-09T09:02:04Z,2015-02-15T13:40:00Z,2015-05-08T16:20:05Z,2472,0,0,JavaScript,0,0,0
consumer-protection-gitbook,"vTaiwan 數位公民環境：網路消費者保護",2015-02-09T09:14:27Z,2015-02-15T11:30:52Z,2015-02-28T11:39:15Z,2144,0,0,JavaScript,0,0,0
personal-data-protection-gitbook," vTaiwan 數位公民環境：個人資料利用與去識別化",2015-02-09T09:20:46Z,2015-02-15T20:22:35Z,2015-02-28T11:41:21Z,1988,0,0,JavaScript,0,0,0
data-levy-gitbook,"vTaiwan 數位公民環境：開放資料例外收費原則",2015-02-10T03:22:02Z,2015-02-15T11:30:33Z,2015-02-28T11:36:35Z,2032,0,0,JavaScript,0,0,0
closelyheld-ref1.vtaiwan.tw," 「閉鎖性股份有限公司」草案（邵老師團隊版）",2015-02-10T04:27:52Z,2015-03-03T12:00:31Z,2015-02-15T14:10:34Z,986,1,1,LiveScript,0,0,0
distant-education-gitbook,"vTaiwan 數位生活：遠距教育",2015-02-11T07:08:26Z,2015-04-28T05:17:07Z,2015-02-28T11:40:00Z,1964,0,0,JavaScript,0,0,0
telemedicine-gitbook,"vTaiwan 數位生活：遠距健康照護",2015-02-11T07:25:06Z,2015-08-05T09:22:10Z,2015-04-24T02:38:03Z,2052,0,0,JavaScript,0,0,0
howsfood-mockup,"web and app for howsfood market",2015-02-17T15:01:55Z,2015-02-23T02:49:29Z,2015-02-23T02:49:29Z,2612,1,1,CSS,0,0,0
closelyheld-ref1-gitbook,"vTaiwan 閉鎖型公司：草案 #1",2015-03-01T09:48:35Z,2017-09-27T14:14:31Z,2015-05-02T20:38:07Z,1577,0,0,JavaScript,1,1,0
leve1up,"deprecated leve1up repo, redirect to g0v.tw",2015-03-11T12:18:40Z,2015-03-11T12:18:40Z,2015-03-11T12:23:00Z,128,0,0,,0,0,0
koktai," 吳守禮《國臺對照活用辭典》電子化",2015-03-11T16:26:15Z,2021-06-02T02:36:15Z,2019-10-19T23:42:20Z,50466,30,30,HTML,11,11,2
closelyheld-spec-gitbook,"vTaiwan 閉鎖型公司：具體建議",2015-03-15T15:41:38Z,2015-03-17T02:08:03Z,2015-05-01T15:53:26Z,1513,0,0,JavaScript,1,1,0
crowdfunding-spec-gitbook,"vTaiwan 股權式群募：具體建議",2015-03-15T18:47:38Z,2016-04-18T07:53:59Z,2015-03-17T02:15:15Z,1512,1,1,JavaScript,0,0,0
etax-spec-gitbook,"vTaiwan 網路交易課稅：具體建議",2015-03-15T19:44:53Z,2015-04-30T19:26:26Z,2015-04-30T19:27:02Z,1489,0,0,JavaScript,1,1,0
crowdfunding-ref1-gitbook,,2015-03-18T10:18:12Z,2015-03-20T04:48:04Z,2015-03-20T04:48:03Z,1680,0,0,JavaScript,0,0,0
idskage,"Generate Kage glyph format from IDS",2015-03-28T09:45:30Z,2017-11-13T09:07:05Z,2015-03-28T17:10:06Z,180,4,4,JavaScript,0,0,0
ask-sorting-statements,,2015-03-28T13:01:18Z,2015-04-18T09:04:14Z,2015-04-18T09:04:14Z,596,0,0,JavaScript,1,1,0
kage.json,"parse KAGE format to JSON for future use",2015-04-17T16:00:37Z,2015-04-21T13:04:07Z,2015-04-21T13:04:07Z,152,0,0,LiveScript,1,1,0
react.vtaiwan.tw,"行政院法規線上諮詢系統 界面 2.0",2015-04-24T07:56:02Z,2021-04-17T17:11:21Z,2018-02-23T08:57:40Z,8353,31,31,JavaScript,11,11,8
data-levy-spec-gitbook,"vTaiwan 開放資料例外收費原則：具體建議",2015-04-27T14:23:05Z,2015-04-27T18:56:09Z,2015-04-27T18:57:15Z,1516,0,0,JavaScript,0,0,0
distant-education-spec-gitbook," vTaiwan 遠距教育：具體建議 ",2015-04-28T17:03:07Z,2015-04-29T03:43:18Z,2015-05-29T17:32:16Z,1493,0,0,JavaScript,1,1,0
closelyheld-act1-gitbook,"vTaiwan 閉鎖型公司：公司法部分條文修正草案",2015-04-29T18:39:56Z,2015-05-01T03:24:16Z,2015-05-01T03:34:26Z,1620,0,0,JavaScript,0,0,0
infosecurity-gitbook,"vTaiwan — 資安管理",2015-05-04T02:17:23Z,2015-05-07T10:32:06Z,2015-05-07T10:32:20Z,1552,0,0,JavaScript,0,0,0
chikage,"KAGE data API server and a HTML5 glyph editor",2015-05-06T18:06:02Z,2016-12-21T18:11:22Z,2015-08-22T06:14:21Z,1020,6,6,LiveScript,2,2,2
pdf-to-markdown,"Convert PDF files into markdown files",2015-05-23T16:43:23Z,2015-05-23T16:43:24Z,2015-05-24T14:20:38Z,6558,0,0,Python,0,0,0
citation_transition,從康熙字典到萌典的引用變遷,2015-05-30T03:55:52Z,2019-04-16T07:23:32Z,2015-05-30T12:05:55Z,356,2,2,,1,1,0
animal.coa,各縣市公立動物收容所資訊統整系統,2015-05-30T10:02:31Z,2015-09-07T09:24:23Z,2015-10-12T18:00:13Z,40397,4,4,HTML,7,7,0
cyberbullying-gitbook,"vTaiwan 數位公民環境：網路霸凌",2015-06-09T11:16:08Z,2019-09-12T06:04:24Z,2015-06-17T02:29:10Z,1636,3,3,JavaScript,0,0,0
AgriMed,"醫農的 repository (frontend)",2015-06-13T03:41:08Z,2016-03-05T13:49:27Z,2016-07-21T16:11:24Z,1149,0,0,CSS,3,3,0
z0y,零時字引－部件筆劃查字,2015-06-13T03:50:46Z,2022-07-07T11:08:47Z,2016-03-24T02:52:59Z,4609,23,23,JavaScript,8,8,0
AOD,河圖,2015-06-13T04:51:57Z,2015-06-13T10:01:54Z,2015-06-28T11:49:58Z,273,0,0,JavaScript,2,2,0
data-design,"Data + Design Traditional Chinese Edition",2015-06-19T02:11:01Z,2017-05-20T02:35:19Z,2016-11-15T10:14:10Z,35019,7,7,HTML,6,6,0
urbancode-commission,開放都市計畫-都委會會議紀錄資料庫,2015-06-26T16:39:41Z,2020-10-02T17:09:07Z,2020-10-02T17:09:04Z,1467,3,3,PHP,4,4,4
color,,2015-06-28T06:20:49Z,2017-03-22T03:00:15Z,2018-10-21T13:41:48Z,119,4,4,HTML,13,13,6
blood,,2015-06-29T15:51:37Z,2019-06-25T07:59:09Z,2020-10-26T17:28:03Z,57,17,17,JavaScript,12,12,0
hackeditr,,2015-07-08T15:42:34Z,2015-08-07T14:55:56Z,2016-10-15T07:04:51Z,744,0,0,JavaScript,4,4,1
ppt-commitment-parser,"將施政報告或施政綱要轉換成 CSV 的工具。",2015-07-11T12:40:15Z,2015-07-13T14:27:48Z,2015-07-17T06:37:52Z,288,0,0,JavaScript,1,1,2
personal-data-protection-spec-gitbook," vTaiwan 個資利用與去識別化：具體建議",2015-07-13T07:45:23Z,2015-07-13T08:16:33Z,2015-07-15T14:50:18Z,3428,0,0,JavaScript,2,2,0
cchelper,CC授權小幫手,2015-07-14T17:18:03Z,2021-03-03T16:44:08Z,2019-09-06T05:37:33Z,283,6,6,HTML,4,4,0
data-levy-ref1-gitbook,"資料分類及授權利用：草案 #1",2015-07-17T07:13:56Z,2015-07-17T09:02:58Z,2015-07-17T09:02:15Z,1528,0,0,JavaScript,1,1,0
hakka_elearning,"客語能力認證 資料檔",2015-07-22T07:13:31Z,2021-01-20T04:08:46Z,2015-10-31T07:38:00Z,33580,7,7,Python,2,2,0
ideograph-on-demand,"Generate CJK ideogram given an expression.",2015-07-26T14:05:43Z,2015-07-26T14:35:34Z,2015-07-26T15:09:37Z,132,0,0,,1,1,0
nowin_core,"Nowin core library",2015-08-03T05:48:33Z,2019-08-18T16:49:12Z,2015-08-03T07:42:25Z,260,20,20,Python,3,3,0
bMagic,,2015-08-22T05:57:08Z,2015-11-26T18:31:35Z,2015-08-23T02:44:07Z,4732,4,4,JavaScript,1,1,0
react.addressbook,"g0v kuansim addressbook rewrite in reactjs",2015-08-23T14:32:33Z,2016-02-15T15:04:52Z,2015-09-09T17:33:21Z,1541,0,0,JavaScript,1,1,0
Translate4you,關鍵字的萬國語生產器,2015-10-03T09:05:02Z,2019-09-28T17:31:58Z,2015-10-03T09:45:47Z,156,1,1,Python,1,1,0
cuora,救救食蛇龜,2015-10-24T03:46:29Z,2015-11-01T07:26:24Z,2015-11-06T10:58:47Z,7008,0,0,JavaScript,3,3,0
loopin_android,,2015-10-24T04:07:44Z,2015-10-24T06:50:10Z,2015-10-24T08:47:09Z,302,0,0,Java,2,2,0
loopin_web,,2015-10-24T04:08:36Z,2015-10-24T06:55:56Z,2015-10-25T04:27:30Z,634,0,0,,2,2,0
loopin_ios,,2015-10-24T04:09:11Z,2015-10-24T04:11:16Z,2015-10-24T04:09:12Z,0,0,0,,0,0,0
loopin_backend,,2015-10-24T04:10:05Z,2015-11-08T13:21:28Z,2015-11-11T06:19:04Z,128,0,0,Ruby,1,1,0
awesome-tw-openagri,整理農業開放資料相關資源與專案,2015-10-25T12:29:47Z,2021-04-28T04:05:38Z,2020-08-10T16:43:34Z,16,14,14,,6,6,0
powergrid,"An Android app for finding corresponding WGS coordinates for Taiwan power grid coordinates",2015-11-11T21:04:46Z,2016-03-20T15:05:21Z,2015-11-11T21:14:48Z,0,1,1,Java,2,2,1
bopomofo-standard-gitbook,"國語注音符號手冊 Gitbook",2015-11-12T08:31:49Z,2015-12-10T07:38:30Z,2015-11-14T06:03:10Z,0,3,3,,2,2,0
punctuation-standard-gitbook,"重訂標點符號手冊 Gitbook ",2015-11-14T03:23:03Z,2015-12-10T07:38:33Z,2015-11-14T04:52:21Z,0,2,2,,1,1,0
moedict-data-gieumunmiang,狗問名客博資料集,2015-11-14T06:53:27Z,2015-11-14T06:53:56Z,2015-11-15T00:35:54Z,0,0,0,,1,1,0
ui,"ui design",2015-12-05T01:53:54Z,2016-06-22T05:58:51Z,2015-12-05T16:26:54Z,1257,3,3,HTML,1,1,3
datasmith,"data news generator",2015-12-25T19:39:41Z,2017-01-21T07:40:42Z,2019-10-18T08:39:00Z,1573,3,3,Ruby,6,6,4
partyvote2016,,2016-01-08T06:09:05Z,2016-09-08T16:37:07Z,2016-01-18T15:28:49Z,134,21,21,JavaScript,11,11,7
personal-data-protection-ref1-gitbook,"個資利用與去識別化：草案 #1",2016-01-22T06:54:59Z,2016-01-22T08:01:22Z,2016-02-22T16:31:06Z,1421,0,0,JavaScript,1,1,0
data-levy-act1-gitbook," 資料分類及授權利用：定案",2016-01-24T18:31:33Z,2016-01-25T02:51:04Z,2016-02-14T06:29:41Z,1394,1,1,JavaScript,1,1,0
hackfoldr-2.0-forkme,"a forkable version of hackfoldr 2.0, made for moztw community",2016-02-15T03:26:06Z,2020-03-23T21:40:12Z,2020-03-23T22:42:05Z,2184,0,0,JavaScript,1,1,0
excel-data-tool,"這邊放一些把 excel 資料轉成易讀資料的工具",2016-02-26T09:14:34Z,2021-07-31T10:07:01Z,2016-10-17T15:13:39Z,1609,5,5,HTML,3,3,1
taipei,"Things to know about Taipei for our overseas friends! ",2016-03-03T13:10:28Z,2019-07-28T08:19:34Z,2018-09-25T10:08:09Z,65,26,26,,6,6,4
shelter,,2016-03-05T03:35:51Z,2019-09-05T23:11:33Z,2017-06-05T16:16:32Z,35330,26,26,JavaScript,4,4,7
automate.tscs,"Semi-automate Taiwan Social Change Survey cross-year result",2016-03-06T06:46:06Z,2016-05-01T07:05:28Z,2016-04-05T14:24:57Z,454,1,1,JavaScript,1,1,0
photos,,2016-03-06T13:26:48Z,2016-03-06T13:27:05Z,2016-03-06T13:26:48Z,0,0,0,,0,0,0
DC-telecommunication-gitbook,電子通訊傳播法草案,2016-03-09T17:05:58Z,2016-03-14T19:59:52Z,2016-03-19T17:58:23Z,1397,0,0,JavaScript,1,1,0
DC-infrastructure-gitbook,電信基礎設施與資源管理法草案,2016-03-10T04:54:14Z,2016-03-14T19:22:40Z,2016-03-19T16:55:34Z,1436,0,0,JavaScript,1,1,0
DC-industry-gitbook,電信事業法草案,2016-03-15T03:10:27Z,2016-03-15T22:52:09Z,2016-03-19T16:42:41Z,1447,0,0,JavaScript,1,1,0
DC-cable-gitbook,有線多頻道平臺服務管理條例草案,2016-03-15T03:41:05Z,2016-03-15T22:18:37Z,2016-03-28T07:01:39Z,1421,0,0,JavaScript,1,1,0
DC-wireless-gitbook,無線廣播電視事業與頻道事業管理條例,2016-03-15T03:53:34Z,2016-03-15T23:02:12Z,2016-03-19T16:55:48Z,1435,0,0,JavaScript,1,1,0
dc.vtaiwan.tw,匯流五法：線上徵詢,2016-03-19T12:53:34Z,2017-11-13T14:05:50Z,2016-10-15T07:30:49Z,2141,0,0,JavaScript,1,1,0
2016drills,"2016-03-25 北北基桃聯合防災演習",2016-03-24T17:48:15Z,2016-03-24T17:48:15Z,2016-03-25T16:13:50Z,319,0,0,,1,1,0
summit-static,"Static files (PDF, etc.) for summit.g0v.tw",2016-04-02T06:23:05Z,2016-04-02T06:23:05Z,2016-04-02T07:37:57Z,1951,0,0,,1,1,0
potluckmap,"create a collaborative osm map that can have multiple sources such as url's of remote geojson/gpx/csv(spreadsheet) pages, each of which can be independently edited/updated.",2016-04-27T08:24:39Z,2018-04-19T16:37:01Z,2018-01-18T12:56:54Z,988,4,4,JavaScript,4,4,1
g0v.github.io,,2016-05-07T08:33:04Z,2016-05-07T08:35:20Z,2016-05-07T08:39:38Z,1,0,0,HTML,1,1,0
awesome-g0v,"A curated list of g0v projects",2016-06-04T14:45:01Z,2022-01-28T17:09:46Z,2016-10-15T06:00:23Z,22,89,89,LiveScript,12,12,5
OneButton,"OneButton is a one-click solution for ipa to finish all hackathon duties at once.",2016-06-12T03:32:02Z,2022-03-01T08:02:06Z,2022-03-01T08:02:37Z,93,18,18,JavaScript,6,6,13
hackpad-parser,"Parse the ideal pool and project information",2016-06-12T17:38:47Z,2016-06-19T12:12:33Z,2016-06-12T17:47:58Z,2,1,1,JavaScript,1,1,2
g0vHackpads2PadagraphIO,,2016-06-18T04:32:41Z,2016-06-18T09:04:30Z,2016-06-22T12:27:26Z,4,0,0,Python,1,1,0
g0v.json,"The specification of g0v.json",2016-06-18T07:16:42Z,2020-05-12T04:27:57Z,2020-05-12T04:27:55Z,51,2,2,JavaScript,5,5,13
search-g0v,"基礎建設 - 更快搜尋 g0v 社群內的工具",2016-06-20T09:20:12Z,2018-07-25T10:57:35Z,2016-10-08T06:53:54Z,33962,13,13,Python,4,4,14
issue_aggregator,"g0v issues aggregator",2016-06-21T05:17:44Z,2017-09-06T01:22:50Z,2016-11-30T15:33:21Z,31,4,4,Python,4,4,0
summit-assets,"design assets for g0v summit 2016",2016-06-26T16:54:43Z,2016-07-01T21:56:44Z,2016-07-02T08:23:22Z,25109,1,1,HTML,2,2,0
mapbox-gl-styles,"Prebuilt Mapbox GL styles for use in Mapbox GL JS or the Mapbox Mobile SDKs and as a starting point for custom maps built with Mapbox Studio",2016-07-03T03:47:16Z,2016-07-20T01:08:29Z,2016-07-03T03:49:28Z,42632,1,1,JavaScript,1,1,0
editor,"g0v.json editor for every g0v project",2016-07-03T06:07:48Z,2020-04-28T05:29:20Z,2022-07-21T01:17:22Z,7436,5,5,JavaScript,3,3,22
g0v-tender-builder,,2016-07-03T07:41:42Z,2016-07-03T07:41:42Z,2016-07-03T07:44:34Z,101,0,0,,1,1,0
workweek,勞基法計算機,2016-07-07T15:58:50Z,2021-08-02T02:50:34Z,2016-08-09T16:24:13Z,2146,43,43,JavaScript,13,13,8
glyph,,2016-07-16T15:19:02Z,2018-01-26T22:19:45Z,2016-10-15T06:47:37Z,545,1,1,CSS,2,2,1
g0v-call-liwei,,2016-07-23T12:58:48Z,2016-07-23T12:58:49Z,2016-03-05T09:06:45Z,494,0,0,JavaScript,1,1,0
call-liwei-backend,g0v,2016-07-23T13:15:34Z,2016-07-23T13:15:48Z,2016-06-18T09:40:02Z,48,1,1,PHP,1,1,0
report,,2016-07-23T13:23:09Z,2016-07-23T13:23:10Z,2016-07-10T04:53:59Z,44,0,0,PHP,1,1,0
submit,零時政府揪松團電子報投稿平台,2016-07-27T15:42:37Z,2017-03-26T09:54:14Z,2017-04-05T15:22:36Z,902,4,4,LiveScript,4,4,5
npratio,台灣護病比查詢,2016-08-06T03:38:04Z,2022-04-07T09:31:48Z,2016-08-09T07:50:20Z,14588,7,7,JavaScript,1,1,0
HackStory,"HackTimeline共筆時間軸 (prototype)",2016-08-06T05:51:48Z,2017-11-19T15:56:47Z,2017-10-12T03:29:49Z,267,8,8,JavaScript,5,5,0
react-native-sample,,2016-08-22T04:55:35Z,2021-03-25T10:04:27Z,2016-10-27T10:48:23Z,12231,33,33,Objective-C,9,9,0
consumer-protection-ref1-gitbook,"legal reform reference as to consumer protection in 2016",2016-08-26T03:11:16Z,2016-08-31T03:29:19Z,2016-08-26T10:03:11Z,6,0,0,,1,1,0
telemedicine-ref1-gitbook,"legal reform reference as to online drugstore ",2016-08-26T10:04:35Z,2016-11-13T13:16:47Z,2016-08-26T10:33:34Z,5,0,0,,1,1,0
naming-gitbook,"discussion concerning company registration with its English name ",2016-08-31T02:11:19Z,2016-12-03T08:21:51Z,2016-09-22T22:09:30Z,1691,1,1,JavaScript,1,1,0
sandbox-gitbook,"discussion concerning necessity of setting financial sandbox in Taiwan",2016-08-31T02:42:16Z,2016-09-01T20:30:41Z,2016-09-02T07:40:36Z,662,0,0,JavaScript,1,1,0
repo-info,"整合 g0v repo 列表",2016-09-22T07:45:28Z,2016-10-21T14:13:43Z,2016-10-22T02:26:43Z,13,0,0,Python,1,1,0
OneButton-server-js,,2016-09-26T12:39:00Z,2016-09-26T12:39:31Z,2017-08-22T19:07:16Z,206,0,0,JavaScript,1,1,0
g0ver-box,"g0v 專案與技能媒合工具",2016-10-05T14:29:00Z,2017-11-06T04:30:03Z,2017-11-25T04:08:07Z,165,10,10,JavaScript,3,3,4
beSafe,"BeSafe: 災害警示公開資料彙整",2016-10-06T05:47:29Z,2016-12-31T15:25:04Z,2017-02-17T10:07:09Z,1762,2,2,JavaScript,1,1,0
g0v-search-api,,2016-10-08T03:45:04Z,2018-07-31T06:50:55Z,2018-07-20T15:50:21Z,18,4,4,PHP,3,3,2
vue.vtaiwan.tw,"數位經濟法規線上諮詢系統 界面 3.0 - https://vtw.link/",2016-10-08T07:00:05Z,2022-04-20T15:42:30Z,2021-06-08T22:52:30Z,48063,71,71,Vue,28,28,10
slack-bot,,2016-10-15T05:40:20Z,2016-10-15T06:51:41Z,2016-10-15T08:27:44Z,38,1,1,JavaScript,1,1,0
pads2foldrs,"Extract hackfoldr links from g0v hackpads.",2016-10-17T13:08:07Z,2016-10-21T08:18:40Z,2017-01-20T20:59:15Z,17,0,0,Python,1,1,0
securitization-gitbook,企業資產擔保法草案意見徵集,2016-11-21T00:57:23Z,2016-12-13T07:01:57Z,2016-12-15T23:52:08Z,1525,0,0,JavaScript,1,1,0
securitization-ref1-gitbook,企業資產擔保法草案,2016-12-03T10:25:16Z,2017-02-04T01:55:11Z,2017-02-05T07:17:29Z,2833,0,0,JavaScript,1,1,0
g0v-grant-landing,,2016-12-05T07:12:10Z,2018-03-03T09:13:53Z,2017-01-04T10:41:01Z,15477,2,2,HTML,3,3,4
social-enterprise-gitbook,公司法：社會企業,2016-12-14T06:48:40Z,2017-01-06T11:37:13Z,2017-01-06T10:42:45Z,1408,0,0,JavaScript,1,1,0
grantdash,"A quick & dirty fork a Hackdash for g0v Civic Tech Grant Submission and Public Review Process",2016-12-26T15:26:29Z,2020-09-29T07:54:11Z,2020-09-29T07:54:07Z,42648,9,9,JavaScript,8,8,29
directors-election-gitbook,公司法：董監事選任,2016-12-30T04:12:36Z,2017-01-06T11:36:46Z,2017-01-10T15:41:52Z,2046,0,0,JavaScript,1,1,0
poli-radar-api,,2016-12-31T16:15:53Z,2017-01-31T09:38:55Z,2017-04-01T09:41:19Z,6777,0,0,PHP,1,1,4
mydaka,mydaka麥打卡提供個人JSON-LD定義的工時紀錄，工時記錄從掌握在雇主的專屬系統裡面脫離，轉換為掌握在勞動者手上。,2017-01-02T07:16:48Z,2017-01-03T15:30:18Z,2017-01-03T15:30:17Z,52,0,0,JavaScript,1,1,0
domain,,2017-01-21T16:03:08Z,2021-11-23T07:16:33Z,2022-09-29T01:52:10Z,85,7,7,,9,9,21
g00gle,"g0v search UI",2017-01-23T13:27:25Z,2017-01-23T14:11:30Z,2017-01-24T10:32:12Z,734,0,0,JavaScript,1,1,0
opendataday,"Open Data Day website",2017-02-10T07:11:56Z,2017-02-10T07:11:58Z,2017-02-17T05:02:18Z,947,0,0,CSS,1,1,0
poli-radar,,2017-02-28T14:04:09Z,2017-02-28T14:04:12Z,2017-03-24T04:27:02Z,2636,0,0,JavaScript,1,1,0
wiselike.tw,"自己的 wiselike 自己救 => repo has changed to https://github.com/g0v/wiselike",2017-03-08T11:08:23Z,2017-03-22T17:31:42Z,2017-04-15T14:05:30Z,0,0,0,Vue,1,1,0
discourse-watch-category,"Watches a category for all the users in a particular group",2017-03-10T08:38:22Z,2017-03-10T08:38:24Z,2017-01-19T18:43:25Z,7,0,0,Ruby,1,1,0
wiselike,"自己的 wiselike 自己救",2017-03-22T08:44:03Z,2022-09-13T05:53:57Z,2022-02-10T21:37:47Z,2969,8,8,Vue,3,3,25
urbancode-commission3w,,2017-03-29T15:56:38Z,2018-08-14T20:35:51Z,2018-08-14T20:35:50Z,593,0,0,JavaScript,2,2,0
labor-standards-tw,"台灣勞動基準法函式庫, Taiwan Labor Standards Act Library",2017-04-11T15:25:21Z,2022-06-29T06:44:10Z,2018-01-15T01:59:40Z,510,52,52,TypeScript,14,14,8
react-native-scanbot,"https://scanbot.io/en/sdk.html for react native",2017-04-20T15:39:55Z,2017-07-28T23:41:25Z,2017-08-11T08:10:20Z,81346,3,3,Objective-C,4,4,3
hyob,"Hack Your Own Body",2017-07-02T12:37:56Z,2017-12-05T06:37:00Z,2017-07-02T12:43:19Z,3,13,13,,1,1,0
ambassador,"Yet another g0v project hub.",2017-07-16T23:59:20Z,2020-04-12T15:15:26Z,2018-05-09T05:51:25Z,27195,6,6,JavaScript,2,2,7
react-native-studio,,2017-07-28T18:39:37Z,2017-07-28T18:39:37Z,2017-07-28T18:39:38Z,1,0,0,,1,1,0
ggv,"Repo for GGV",2017-10-17T08:41:29Z,2019-10-30T21:59:19Z,2017-12-14T15:48:49Z,32,7,7,,1,1,0
easycard-donation,"data source: http://www.easycard.com.tw/news/post-page.aspx?id=1581",2017-11-11T04:53:36Z,2020-07-09T01:10:54Z,2017-11-11T05:27:44Z,1724,2,2,LiveScript,1,1,0
amis-moedict,阿美語萌典網站,2017-11-19T20:19:32Z,2022-07-05T00:48:54Z,2022-09-30T07:21:42Z,1052399,10,10,JavaScript,4,4,9
hackathon-questionnaire,,2017-11-24T08:20:39Z,2017-11-24T08:21:17Z,2017-11-24T08:21:16Z,16,0,0,LiveScript,1,1,0
g0v-shadow,"shadow website for all gov.tw website",2017-11-25T04:17:28Z,2018-10-01T13:26:13Z,2018-10-01T13:26:18Z,35212,0,0,JavaScript,2,2,1
mediawiki,"The collaborative editing software that runs Wikipedia. This is a mirror from gerrit.wikimedia.org. See https://www.mediawiki.org/wiki/Developer_access for contributing.",2017-11-25T05:12:21Z,2020-02-15T00:27:19Z,2017-11-24T23:14:37Z,766806,0,0,PHP,1,1,0
api.ly-php,"用 PHP 重寫的 api.ly",2017-11-25T07:28:49Z,2021-01-23T04:24:01Z,2021-01-23T04:23:56Z,59175,0,0,HTML,1,1,0
jothon-net,"揪松網 - 零時政府黑客松入口網站",2017-11-27T14:35:22Z,2022-07-16T02:24:51Z,2022-09-16T12:18:18Z,60390,9,9,JavaScript,8,8,16
g0v-wiki-data,,2017-12-02T12:45:12Z,2017-12-02T12:45:12Z,2018-01-13T08:35:07Z,1413,0,0,,1,1,0
g0v-wiki,,2017-12-02T13:48:41Z,2017-12-02T13:54:10Z,2018-01-14T06:54:45Z,2543,0,0,JavaScript,1,1,0
merityuan,"靜態網站，用來記錄 2018/01/10 立法院三讀通過《勞基法》修正草案",2018-01-13T02:05:31Z,2018-01-13T09:27:35Z,2018-01-13T09:27:33Z,1251,0,0,JavaScript,1,1,0
HackingMap,"HackingMap 是個即時共編的黑客松專案地圖，讓 g0v 大松現場的坑主、新參者在 g0v 大松徵人、跳坑更容易！",2018-01-13T09:14:26Z,2019-08-20T07:23:42Z,2018-03-05T05:49:00Z,3240,6,6,Vue,1,1,1
tw-shift-schedule,班表小幫手,2018-01-14T09:49:25Z,2020-04-12T15:14:26Z,2018-09-11T07:12:27Z,103,26,26,JavaScript,3,3,0
cec-stats,,2018-01-15T23:35:22Z,2018-01-17T18:49:25Z,2018-01-15T23:37:32Z,143,1,1,HTML,1,1,0
tw-shift-schedule-ui,班表小幫手-UI,2018-01-17T02:41:48Z,2018-09-23T05:49:57Z,2018-09-23T05:49:55Z,2053,2,2,CSS,2,2,0
grants-landing-template,"landing page template for g0v grants awardee projects ",2018-01-19T07:25:13Z,2022-09-17T08:46:53Z,2019-12-01T07:15:05Z,1784,13,13,HTML,31,31,2
summit2018,"g0v summit 2018 | 零時政府高峰會",2018-01-22T13:27:06Z,2020-10-30T19:43:27Z,2020-06-17T08:01:51Z,12896,6,6,Vue,4,4,4
tw-oid-history,"整理台灣 OID 組織改組歷史變化相關資料",2018-01-28T14:59:10Z,2018-01-28T14:59:10Z,2018-01-28T15:32:04Z,236,0,0,,1,1,0
archive-summit-2014,"g0v summit 2014 website archive",2018-02-13T17:18:10Z,2018-09-09T08:01:34Z,2018-09-09T08:01:33Z,44744,0,0,HTML,2,2,0
summit.g0v.tw,,2018-02-13T17:35:32Z,2020-12-30T09:01:41Z,2020-12-30T09:01:39Z,283,0,0,HTML,2,2,0
democracy_common,,2018-02-17T12:16:18Z,2018-05-31T13:38:11Z,2018-05-31T13:38:08Z,4307,0,0,Python,1,1,2
info.vtaiwan.tw,,2018-03-05T03:42:46Z,2022-09-11T10:27:35Z,2019-04-15T05:32:26Z,7697,6,6,CSS,5,5,2
kong2_tai5gi2_tng1_tioh8si5,"節目公開資料-講臺語當著時Kóng-tâi-gí tng tio̍h-sî",2018-04-19T09:23:34Z,2018-05-19T05:47:11Z,2018-05-19T05:47:09Z,286,0,0,,1,1,3
power,"Report of g0v Civic Tech Prototype Grant",2018-05-14T05:21:10Z,2021-03-25T10:23:45Z,2021-03-25T10:23:42Z,96891,2,2,JavaScript,1,1,0
tw-rental-house-data,"Collection of Taiwan Rental House Data from Public Website",2018-05-14T13:50:37Z,2022-09-13T01:07:30Z,2022-09-30T00:01:43Z,12442,127,127,Python,28,28,32
DSPPUX-Checklist,"This checklist provides suggestions to promote digital security and privacy for people who are designing and developing tools for targeted communities.",2018-06-19T12:41:36Z,2020-07-09T01:10:05Z,2018-06-19T13:13:46Z,32,1,1,,1,1,0
DipSpace,,2018-06-20T15:00:00Z,2018-06-20T15:00:04Z,2018-06-20T15:00:02Z,1,0,0,,1,1,0
projects,,2018-07-10T16:37:08Z,2018-07-17T07:17:36Z,2018-07-17T07:19:09Z,146,0,0,JavaScript,1,1,0
summit2018-ccip-config,,2018-09-03T11:13:51Z,2018-10-05T07:10:01Z,2018-10-05T07:09:59Z,8,0,0,,1,1,0
people-in-news,公眾人物新聞的追蹤,2018-10-04T00:45:27Z,2021-11-01T13:01:58Z,2021-11-01T13:01:55Z,1164,17,17,Perl,1,1,1
1021puyuma,,2018-10-21T13:38:32Z,2018-10-23T13:30:04Z,2018-10-23T13:30:02Z,349,3,3,HTML,2,2,2
landing-page,,2018-11-07T09:54:30Z,2022-05-09T08:34:48Z,2022-07-25T14:35:39Z,5221,7,7,HTML,11,11,3
for-marriage-equality,,2018-11-12T15:24:03Z,2018-11-24T15:46:16Z,2018-11-22T00:16:50Z,3906,5,5,JavaScript,1,1,1
banner,"Code for a header that states that a website was made by the g0v team. ",2018-11-14T12:29:09Z,2020-07-09T01:09:49Z,2018-11-28T13:21:20Z,23,5,5,TypeScript,3,3,0
referendum,,2018-11-15T16:44:10Z,2018-11-21T14:12:28Z,2018-11-21T14:12:48Z,1812,0,0,JavaScript,1,1,0
referendum_report,,2018-11-25T11:16:04Z,2020-04-16T05:25:28Z,2018-11-26T16:54:00Z,44897,33,33,HTML,12,12,1
itaigi-mia-senn,"itaigi Miâ-sènn án-tsuánn kóng, 名姓按怎講（姓名怎麼說）",2018-12-08T02:30:59Z,2021-11-02T06:00:38Z,2020-12-18T02:27:44Z,22,2,2,Python,1,1,2
assets,,2018-12-08T08:39:34Z,2018-12-08T08:45:54Z,2018-12-08T08:45:52Z,6,0,0,HTML,1,1,0
culture-org-network,台灣文化機構、組織、個人關係圖,2018-12-09T18:19:13Z,2019-03-31T06:26:43Z,2019-03-31T06:26:41Z,122,0,0,JavaScript,1,1,0
agriculture-data,"超農域 data repo",2019-01-30T09:07:10Z,2020-03-19T00:40:56Z,2019-05-25T07:37:54Z,11499,1,1,JavaScript,1,1,0
election-day-bot,,2019-02-26T15:38:48Z,2021-12-03T11:49:33Z,2022-05-01T13:22:09Z,31,0,0,Perl,1,1,0
ruby_twly_crawler,立法院爬蟲，抓取立委資訊並可隨屆次分割。,2019-03-06T12:30:21Z,2022-07-16T02:13:47Z,2022-06-10T00:06:39Z,42716,4,4,Ruby,2,2,2
battledash,"Dashboard for Grants, Hackathon Projects",2019-04-29T08:10:36Z,2020-07-09T01:09:14Z,2022-09-26T17:58:32Z,6970,1,1,HTML,1,1,21
2020voting-guide,收集候選人資料，幫助作為投票的判斷依據,2019-05-16T16:14:35Z,2021-10-19T23:28:34Z,2022-07-29T22:42:58Z,155540,82,82,TypeScript,20,20,29
ahrc,,2019-06-08T08:08:52Z,2019-07-23T02:53:44Z,2022-06-22T07:27:20Z,3355,1,1,JavaScript,2,2,15
feminist-timeline,,2019-06-09T00:40:55Z,2020-03-12T23:12:11Z,2019-06-09T01:10:57Z,20,1,1,Perl,1,1,0
papers,,2019-07-30T03:26:14Z,2020-02-04T09:44:02Z,2020-01-28T15:53:43Z,7483,1,1,,1,1,0
docker-tor,,2019-08-16T10:20:31Z,2019-08-16T17:27:23Z,2019-08-16T17:27:22Z,5,0,0,Dockerfile,1,1,0
libot,,2019-09-23T05:22:26Z,2022-07-20T06:39:25Z,2022-02-13T00:21:52Z,637,3,3,JavaScript,2,2,3
ASR-no-Pangcah,"Pangcah ê 語音辨識",2019-11-11T14:33:59Z,2019-11-12T15:21:17Z,2019-11-12T15:21:14Z,877,0,0,,1,1,2
g0v-intl-landing,,2019-11-29T12:21:58Z,2019-12-01T07:14:04Z,2019-12-01T07:14:02Z,3340,1,1,HTML,1,1,0
partyvote2020,,2019-12-09T15:08:27Z,2020-01-11T12:45:30Z,2019-12-17T05:25:09Z,136,4,4,JavaScript,1,1,1
fto-onebutton,,2019-12-22T02:52:50Z,2019-12-22T02:56:27Z,2020-09-02T17:35:02Z,93,0,0,JavaScript,1,1,1
manifesto,,2020-01-18T08:17:33Z,2020-01-18T08:23:58Z,2020-01-18T08:23:56Z,0,0,0,,1,1,0
coc,"code of conduct",2020-01-18T08:17:48Z,2020-01-18T13:01:45Z,2020-01-18T13:01:43Z,2,0,0,,1,1,0
nobody,,2020-01-20T02:27:43Z,2022-08-05T01:25:48Z,2022-08-06T09:25:39Z,38,0,0,,11,11,0
contribar,,2020-02-05T08:46:08Z,2020-02-05T10:20:32Z,2020-02-05T10:20:37Z,29,0,0,JavaScript,1,1,0
g0v-intro,"g0ver introduction",2020-03-03T03:51:37Z,2021-12-11T08:14:36Z,2022-03-12T09:44:24Z,2342,5,5,PHP,5,5,9
logbot-logs,"Dump logs from logbot.g0v.tw",2020-03-22T15:12:56Z,2020-03-22T16:12:40Z,2020-03-22T15:48:47Z,12902,1,1,PHP,1,1,0
2d-online-chat,,2020-03-24T03:49:23Z,2022-05-01T06:01:40Z,2022-05-01T06:01:36Z,1157,10,10,JavaScript,10,10,0
jitsi-screen,"Screen Splitter on Jitsi",2020-05-07T13:16:27Z,2021-12-11T07:45:43Z,2021-12-11T07:45:39Z,1987,4,4,JavaScript,9,9,7
summit2020,,2020-05-08T07:53:31Z,2021-03-25T05:46:54Z,2022-08-31T02:30:14Z,82029,5,5,Vue,6,6,30
sch001-net,"sch001 landing page",2020-05-12T04:02:07Z,2022-01-07T23:23:16Z,2022-09-01T12:54:11Z,40844,4,4,HTML,4,4,3
food-calender,,2020-05-16T07:16:11Z,2020-05-16T08:57:56Z,2022-03-26T17:31:45Z,2853,0,0,JavaScript,1,1,9
donate-checker,,2020-05-21T02:11:01Z,2022-04-09T01:54:35Z,2022-04-09T01:57:00Z,7697,0,0,HTML,1,1,0
summit_proposal,"2020 summit proposal",2020-05-25T15:04:08Z,2020-11-13T03:38:34Z,2022-07-21T02:18:41Z,25666,0,0,Vue,2,2,23
IDystopia,,2020-08-05T14:33:33Z,2022-06-15T14:37:50Z,2022-04-16T16:27:51Z,13370,1,1,JavaScript,1,1,0
jothon-online-net,,2020-08-18T11:34:18Z,2021-06-23T13:41:56Z,2020-09-08T02:30:19Z,116,0,0,HTML,1,1,0
idystopia-index,"landing page of idystopia project",2020-09-13T14:14:46Z,2020-12-16T12:10:00Z,2020-12-16T12:10:19Z,15618,0,0,HTML,1,1,0
g0v-dashboard,g0v社群的各種資料統計,2020-11-09T08:01:21Z,2022-07-06T14:10:22Z,2022-03-25T11:27:32Z,61,2,2,JavaScript,1,1,2
idystopia-beacon,,2020-12-18T18:06:33Z,2020-12-19T07:18:09Z,2020-12-19T07:18:07Z,3617,0,0,JavaScript,1,1,0
river-watcher,"2019 g0v公民科技創新獎助金 大河小溪全民齊督工",2020-12-24T02:50:18Z,2020-12-24T02:50:20Z,2020-12-21T05:06:16Z,2808,0,0,,1,1,0
ethercalc-cache,,2021-01-12T07:44:24Z,2021-01-12T17:43:28Z,2021-01-12T08:31:43Z,7,1,1,PHP,1,1,0
mnd.g0v.tw,,2021-01-27T12:12:42Z,2021-05-06T07:27:07Z,2021-01-27T12:52:37Z,130,1,1,Vue,1,1,0
amis-webdb,,2021-03-13T09:45:35Z,2021-04-30T17:28:12Z,2021-04-30T17:28:09Z,173,0,0,Ruby,1,1,0
bridge,"Matterbridge to connect slack workspaces and chat rooms",2021-04-01T19:07:10Z,2021-06-13T13:40:28Z,2021-06-13T13:40:26Z,5,0,0,Perl,1,1,2
vaccinate,"vaxx.tw is a tool to find COVID-19 Vaccine Appointments near you",2021-04-19T11:16:47Z,2022-01-16T08:04:52Z,2021-12-27T14:16:11Z,3967,33,33,HTML,20,20,15
aray,貢獻者與學習者時數平台,2021-05-05T00:00:54Z,2022-07-13T06:25:35Z,2022-09-28T17:40:59Z,1313,14,14,JavaScript,12,12,25
court-placer,地方法院管轄範圍結構化資料,2021-05-06T12:18:16Z,2021-05-06T12:54:13Z,2021-05-06T12:54:10Z,248,0,0,Python,2,2,0
good-first-task,,2021-05-22T07:17:25Z,2021-05-22T07:17:28Z,2021-05-22T07:17:26Z,2,0,0,,1,1,0
covid-19-data,"Data on COVID-19 (coronavirus) cases, deaths, hospitalizations, tests • All countries • Updated daily by Our World in Data",2021-06-11T09:40:12Z,2022-01-21T09:46:15Z,2022-02-09T14:28:47Z,52270083,1,1,Python,1,1,0
covid19-data-list,"台灣 Covid19 相關資料資源收集",2021-06-15T06:02:54Z,2021-06-20T08:26:08Z,2021-06-15T06:02:55Z,0,6,6,,1,1,16
vaxx-crawler,,2021-06-26T10:06:29Z,2021-07-16T13:54:00Z,2021-07-16T13:53:58Z,420,0,0,JavaScript,1,1,0
plaaf-intrusion,"China so annoying",2021-07-03T04:20:11Z,2021-10-05T13:48:35Z,2021-10-05T13:47:56Z,68,0,0,JavaScript,1,1,0
lysayit,,2021-12-01T09:51:29Z,2022-04-21T10:08:44Z,2022-04-09T08:11:26Z,181667,2,2,HTML,2,2,0
slack-export-cleaner,,2022-05-17T07:14:42Z,2022-05-17T07:15:25Z,2022-06-18T08:14:30Z,2,0,0,PHP,0,0,0
10v,,2022-06-19T04:41:09Z,2022-07-09T06:16:56Z,2022-09-18T17:28:16Z,9072,1,1,LiveScript,1,1,0
10v-points,,2022-08-17T10:39:54Z,2022-08-19T09:07:59Z,2022-09-29T22:20:20Z,2413,0,0,Svelte,0,0,0
